Emp_ID,Commits,Active_Days,Engineer_Name,Commits_Per_Day
1001,145,22,OSEIWE,6.590909090909091
1002,89,18,ALICE,4.944444444444445
1003,210,25,BOB,8.4
